city;localidade;state;date;cum_confirmed;cum_deaths;new_confirmed;new_deaths
Fortaleza;230440;CE;16/03/2020;8;0;8;0
Fortaleza;230440;CE;17/03/2020;9;0;1;0
Fortaleza;230440;CE;18/03/2020;17;0;8;0
Fortaleza;230440;CE;19/03/2020;17;0;0;0
Fortaleza;230440;CE;20/03/2020;63;0;46;0
Fortaleza;230440;CE;21/03/2020;76;0;13;0
Fortaleza;230440;CE;22/03/2020;116;0;40;0
Fortaleza;230440;CE;23/03/2020;151;0;35;0
Fortaleza;230440;CE;24/03/2020;170;0;19;0
Fortaleza;230440;CE;25/03/2020;196;0;26;0
Fortaleza;230440;CE;26/03/2020;224;3;28;3
Fortaleza;230440;CE;27/03/2020;268;3;44;0
Fortaleza;230440;CE;28/03/2020;304;4;36;1
Fortaleza;230440;CE;29/03/2020;338;5;34;1
Fortaleza;230440;CE;30/03/2020;353;5;15;0
Fortaleza;230440;CE;31/03/2020;371;6;18;1
Fortaleza;230440;CE;01/04/2020;413;6;42;0
Fortaleza;230440;CE;02/04/2020;526;0;113;-6
Fortaleza;230440;CE;03/04/2020;600;17;74;17
Fortaleza;230440;CE;04/04/2020;681;18;81;1
Fortaleza;230440;CE;05/04/2020;869;26;188;8
Fortaleza;230440;CE;06/04/2020;929;27;60;1
Fortaleza;230440;CE;07/04/2020;1053;30;124;3
Fortaleza;230440;CE;08/04/2020;1238;45;185;15
Fortaleza;230440;CE;09/04/2020;1283;45;45;0
Fortaleza;230440;CE;10/04/2020;1366;53;83;8
Fortaleza;230440;CE;11/04/2020;1457;58;91;5
Fortaleza;230440;CE;12/04/2020;1529;59;72;1
Fortaleza;230440;CE;13/04/2020;1686;78;157;19
Fortaleza;230440;CE;14/04/2020;1794;86;108;8
Fortaleza;230440;CE;15/04/2020;1946;93;152;7
Fortaleza;230440;CE;16/04/2020;2041;95;95;2
Fortaleza;230440;CE;17/04/2020;2300;119;259;24
Fortaleza;230440;CE;18/04/2020;2562;141;262;22
Fortaleza;230440;CE;19/04/2020;2688;148;126;7
Fortaleza;230440;CE;20/04/2020;2840;164;152;16
Fortaleza;230440;CE;21/04/2020;3018;176;178;12
Fortaleza;230440;CE;22/04/2020;3303;189;285;13
Fortaleza;230440;CE;23/04/2020;3791;212;488;23
Fortaleza;230440;CE;24/04/2020;4063;228;272;16
Fortaleza;230440;CE;25/04/2020;4541;259;478;31
Fortaleza;230440;CE;26/04/2020;4991;295;450;36
Fortaleza;230440;CE;27/04/2020;5326;316;335;21
Fortaleza;230440;CE;28/04/2020;5481;329;155;13
Fortaleza;230440;CE;29/04/2020;5712;349;231;20
Fortaleza;230440;CE;30/04/2020;5970;381;258;32
Fortaleza;230440;CE;01/05/2020;6082;413;112;32
Fortaleza;230440;CE;02/05/2020;6353;498;271;85
Fortaleza;230440;CE;03/05/2020;6417;528;64;30
Fortaleza;230440;CE;04/05/2020;8198;553;1781;25
Fortaleza;230440;CE;05/05/2020;8509;608;311;55
Fortaleza;230440;CE;06/05/2020;9061;651;552;43
Fortaleza;230440;CE;07/05/2020;9669;694;608;43
Fortaleza;230440;CE;08/05/2020;10476;761;807;67
Fortaleza;230440;CE;09/05/2020;10995;809;519;48
Fortaleza;230440;CE;10/05/2020;11556;840;561;31
Fortaleza;230440;CE;11/05/2020;11935;893;379;53
Fortaleza;230440;CE;12/05/2020;12484;950;549;57
Fortaleza;230440;CE;13/05/2020;13037;1022;553;72
Fortaleza;230440;CE;14/05/2020;13777;1039;740;17
Fortaleza;230440;CE;15/05/2020;14690;1137;913;98
Fortaleza;230440;CE;16/05/2020;15162;1163;472;26
Fortaleza;230440;CE;17/05/2020;15371;1174;209;11
Fortaleza;230440;CE;18/05/2020;16169;1253;798;79
Fortaleza;230440;CE;19/05/2020;16784;1307;615;54
Fortaleza;230440;CE;20/05/2020;18010;1333;1226;26
Fortaleza;230440;CE;21/05/2020;18644;1503;634;170
Fortaleza;230440;CE;22/05/2020;19270;1548;626;45
Fortaleza;230440;CE;23/05/2020;19552;1574;282;26
Fortaleza;230440;CE;24/05/2020;19795;1579;243;5
Fortaleza;230440;CE;25/05/2020;20146;1687;351;108
Fortaleza;230440;CE;26/05/2020;20789;1769;643;82
Fortaleza;230440;CE;27/05/2020;20939;1783;150;14
Fortaleza;230440;CE;28/05/2020;21328;1804;389;21
Fortaleza;230440;CE;29/05/2020;21705;1877;377;73
Fortaleza;230440;CE;30/05/2020;23378;1939;1673;62
Fortaleza;230440;CE;31/05/2020;23613;1967;235;28
Fortaleza;230440;CE;01/06/2020;24104;2084;491;117
Fortaleza;230440;CE;02/06/2020;25344;2277;1240;193
Fortaleza;230440;CE;03/06/2020;25726;2334;382;57
Fortaleza;230440;CE;04/06/2020;26514;2424;788;90
Fortaleza;230440;CE;05/06/2020;27074;2453;560;29
Fortaleza;230440;CE;06/06/2020;27320;2459;246;6
Fortaleza;230440;CE;07/06/2020;27411;2458;91;-1
Fortaleza;230440;CE;08/06/2020;27889;2569;478;111
Fortaleza;230440;CE;09/06/2020;28550;2637;661;68
Fortaleza;230440;CE;10/06/2020;29322;2714;772;77
Fortaleza;230440;CE;11/06/2020;29951;2810;629;96
Fortaleza;230440;CE;12/06/2020;30210;2848;259;38
Fortaleza;230440;CE;13/06/2020;30210;2848;0;0
Fortaleza;230440;CE;14/06/2020;30426;2854;216;6
Fortaleza;230440;CE;15/06/2020;30863;2915;437;61
Fortaleza;230440;CE;16/06/2020;30986;3006;123;91
Fortaleza;230440;CE;17/06/2020;31841;3059;855;53
Fortaleza;230440;CE;18/06/2020;32226;3087;385;28
Fortaleza;230440;CE;19/06/2020;32531;3113;305;26
Fortaleza;230440;CE;20/06/2020;32794;3109;263;-4
Fortaleza;230440;CE;21/06/2020;32854;3110;60;1
Fortaleza;230440;CE;22/06/2020;33198;3136;344;26
Fortaleza;230440;CE;23/06/2020;33755;3174;557;38
Fortaleza;230440;CE;24/06/2020;34027;3212;272;38
Fortaleza;230440;CE;25/06/2020;34448;3235;421;23
Fortaleza;230440;CE;26/06/2020;34719;3244;271;9
Fortaleza;230440;CE;27/06/2020;34992;3244;273;0
Fortaleza;230440;CE;28/06/2020;35012;3245;20;1
Fortaleza;230440;CE;29/06/2020;35081;3276;69;31
Fortaleza;230440;CE;30/06/2020;35313;3288;232;12
Fortaleza;230440;CE;01/07/2020;35615;3296;302;8
Fortaleza;230440;CE;02/07/2020;35899;3334;284;38
Fortaleza;230440;CE;03/07/2020;36272;3356;373;22
Fortaleza;230440;CE;04/07/2020;36875;3377;603;21
Fortaleza;230440;CE;05/07/2020;36939;3375;64;-2
Fortaleza;230440;CE;06/07/2020;37071;3387;132;12
Fortaleza;230440;CE;07/07/2020;37338;3398;267;11
Fortaleza;230440;CE;08/07/2020;37621;3448;283;50
Fortaleza;230440;CE;09/07/2020;37724;3465;103;17
Fortaleza;230440;CE;10/07/2020;37943;3499;219;34
Fortaleza;230440;CE;11/07/2020;38039;3498;96;-1
Fortaleza;230440;CE;12/07/2020;38127;3498;88;0
Fortaleza;230440;CE;13/07/2020;38142;3534;15;36
Fortaleza;230440;CE;14/07/2020;38368;3536;226;2
Fortaleza;230440;CE;15/07/2020;38754;3553;386;17
Fortaleza;230440;CE;16/07/2020;38869;3573;115;20
Fortaleza;230440;CE;17/07/2020;39702;3582;833;9
Fortaleza;230440;CE;18/07/2020;39702;3582;0;0
Fortaleza;230440;CE;19/07/2020;39941;3583;239;1
Fortaleza;230440;CE;20/07/2020;39891;3613;-50;30
Fortaleza;230440;CE;21/07/2020;40241;3618;350;5
Fortaleza;230440;CE;22/07/2020;40452;3617;211;-1
Fortaleza;230440;CE;23/07/2020;40683;3643;231;26
Fortaleza;230440;CE;24/07/2020;40992;3659;309;16
Fortaleza;230440;CE;25/07/2020;41150;3662;158;3
Fortaleza;230440;CE;26/07/2020;41204;3663;54;1
Fortaleza;230440;CE;27/07/2020;41253;3665;49;2
Fortaleza;230440;CE;28/07/2020;41658;3689;405;24
Fortaleza;230440;CE;29/07/2020;41912;3690;254;1
Fortaleza;230440;CE;30/07/2020;42029;3689;117;-1
Fortaleza;230440;CE;31/07/2020;41954;3690;-75;1
Fortaleza;230440;CE;01/08/2020;42108;3691;154;1
Fortaleza;230440;CE;02/08/2020;42272;3689;164;-2
Fortaleza;230440;CE;03/08/2020;42245;3696;-27;7
Fortaleza;230440;CE;04/08/2020;42452;3712;207;16
Fortaleza;230440;CE;05/08/2020;42687;3722;235;10
Fortaleza;230440;CE;06/08/2020;42888;3727;201;5
Fortaleza;230440;CE;07/08/2020;43423;3733;535;6
Fortaleza;230440;CE;08/08/2020;43850;3736;427;3
Fortaleza;230440;CE;09/08/2020;43867;3750;17;14
Fortaleza;230440;CE;10/08/2020;44009;3742;142;-8
Fortaleza;230440;CE;11/08/2020;44298;3744;289;2
Fortaleza;230440;CE;12/08/2020;44519;3750;221;6
Fortaleza;230440;CE;13/08/2020;44734;3757;215;7
Fortaleza;230440;CE;14/08/2020;44861;3758;127;1
Salvador;292740;BA;13/03/2020;3;0;3;0
Salvador;292740;BA;14/03/2020;3;0;0;0
Salvador;292740;BA;15/03/2020;4;0;1;0
Salvador;292740;BA;16/03/2020;4;0;0;0
Salvador;292740;BA;17/03/2020;5;0;1;0
Salvador;292740;BA;18/03/2020;17;0;12;0
Salvador;292740;BA;19/03/2020;18;0;1;0
Salvador;292740;BA;20/03/2020;18;0;0;0
Salvador;292740;BA;21/03/2020;23;0;5;0
Salvador;292740;BA;22/03/2020;33;0;10;0
Salvador;292740;BA;23/03/2020;37;0;4;0
Salvador;292740;BA;24/03/2020;45;0;8;0
Salvador;292740;BA;25/03/2020;54;0;9;0
Salvador;292740;BA;26/03/2020;60;0;6;0
Salvador;292740;BA;27/03/2020;78;0;18;0
Salvador;292740;BA;28/03/2020;81;0;3;0
Salvador;292740;BA;29/03/2020;103;1;22;1
Salvador;292740;BA;30/03/2020;117;2;14;1
Salvador;292740;BA;31/03/2020;132;2;15;0
Salvador;292740;BA;01/04/2020;153;2;21;0
Salvador;292740;BA;02/04/2020;167;3;14;1
Salvador;292740;BA;03/04/2020;183;5;16;2
Salvador;292740;BA;04/04/2020;215;5;32;0
Salvador;292740;BA;05/04/2020;244;7;29;2
Salvador;292740;BA;06/04/2020;263;8;19;1
Salvador;292740;BA;07/04/2020;269;10;6;2
Salvador;292740;BA;08/04/2020;292;11;23;1
Salvador;292740;BA;09/04/2020;314;11;22;0
Salvador;292740;BA;10/04/2020;343;11;29;0
Salvador;292740;BA;11/04/2020;355;11;12;0
Salvador;292740;BA;12/04/2020;364;11;9;0
Salvador;292740;BA;13/04/2020;390;11;26;0
Salvador;292740;BA;14/04/2020;428;13;38;2
Salvador;292740;BA;15/04/2020;522;15;94;2
Salvador;292740;BA;16/04/2020;572;18;50;3
Salvador;292740;BA;17/04/2020;643;18;71;0
Salvador;292740;BA;18/04/2020;760;19;117;1
Salvador;292740;BA;19/04/2020;764;22;4;3
Salvador;292740;BA;20/04/2020;824;23;60;1
Salvador;292740;BA;21/04/2020;927;23;103;0
Salvador;292740;BA;22/04/2020;1039;27;112;4
Salvador;292740;BA;23/04/2020;1137;34;98;7
Salvador;292740;BA;24/04/2020;1223;37;86;3
Salvador;292740;BA;25/04/2020;1308;38;85;1
Salvador;292740;BA;26/04/2020;1362;39;54;1
Salvador;292740;BA;27/04/2020;1435;48;73;9
Salvador;292740;BA;28/04/2020;1583;56;148;8
Salvador;292740;BA;29/04/2020;1645;62;62;6
Salvador;292740;BA;30/04/2020;1790;67;145;5
Salvador;292740;BA;01/05/2020;2001;76;211;9
Salvador;292740;BA;02/05/2020;2106;78;105;2
Salvador;292740;BA;03/05/2020;2253;80;147;2
Salvador;292740;BA;04/05/2020;2377;91;124;11
Salvador;292740;BA;05/05/2020;2606;95;229;4
Salvador;292740;BA;06/05/2020;2754;98;148;3
Salvador;292740;BA;07/05/2020;2884;101;130;3
Salvador;292740;BA;08/05/2020;3136;118;252;17
Salvador;292740;BA;09/05/2020;3349;127;213;9
Salvador;292740;BA;10/05/2020;3677;128;328;1
Salvador;292740;BA;11/05/2020;3891;138;214;10
Salvador;292740;BA;12/05/2020;4120;145;229;7
Salvador;292740;BA;13/05/2020;4362;148;242;3
Salvador;292740;BA;14/05/2020;4632;167;270;19
Salvador;292740;BA;15/05/2020;4843;181;211;14
Salvador;292740;BA;16/05/2020;5280;184;437;3
Salvador;292740;BA;17/05/2020;5330;189;50;5
Salvador;292740;BA;18/05/2020;5339;202;9;13
Salvador;292740;BA;19/05/2020;5331;215;-8;13
Salvador;292740;BA;20/05/2020;5331;241;0;26
Salvador;292740;BA;21/05/2020;6880;248;1549;7
Salvador;292740;BA;22/05/2020;7118;257;238;9
Salvador;292740;BA;23/05/2020;8026;264;908;7
Salvador;292740;BA;24/05/2020;8613;303;587;39
Salvador;292740;BA;25/05/2020;8860;314;247;11
Salvador;292740;BA;26/05/2020;9094;328;234;14
Salvador;292740;BA;27/05/2020;9389;357;295;29
Salvador;292740;BA;28/05/2020;9874;390;485;33
Salvador;292740;BA;29/05/2020;10353;421;479;31
Salvador;292740;BA;30/05/2020;10724;443;371;22
Salvador;292740;BA;31/05/2020;11087;453;363;10
Salvador;292740;BA;01/06/2020;11431;474;344;21
Salvador;292740;BA;02/06/2020;12850;493;1419;19
Salvador;292740;BA;03/06/2020;13278;511;428;18
Salvador;292740;BA;04/06/2020;13745;535;467;24
Salvador;292740;BA;05/06/2020;15173;558;1428;23
Salvador;292740;BA;06/06/2020;15691;579;518;21
Salvador;292740;BA;07/06/2020;16001;600;310;21
Salvador;292740;BA;08/06/2020;16001;600;0;0
Salvador;292740;BA;09/06/2020;17176;640;1175;40
Salvador;292740;BA;10/06/2020;18151;674;975;34
Salvador;292740;BA;11/06/2020;18706;707;555;33
Salvador;292740;BA;12/06/2020;19027;720;321;13
Salvador;292740;BA;13/06/2020;19687;728;660;8
Salvador;292740;BA;14/06/2020;19860;742;173;14
Salvador;292740;BA;15/06/2020;20525;752;665;10
Salvador;292740;BA;16/06/2020;21162;775;637;23
Salvador;292740;BA;17/06/2020;21893;800;731;25
Salvador;292740;BA;18/06/2020;21928;827;35;27
Salvador;292740;BA;19/06/2020;22155;854;227;27
Salvador;292740;BA;20/06/2020;23047;884;892;30
Salvador;292740;BA;21/06/2020;23411;904;364;20
Salvador;292740;BA;22/06/2020;23639;919;228;15
Salvador;292740;BA;23/06/2020;24348;953;709;34
Salvador;292740;BA;24/06/2020;25749;991;1401;38
Salvador;292740;BA;25/06/2020;26814;1029;1065;38
Salvador;292740;BA;26/06/2020;27666;1046;852;17
Salvador;292740;BA;27/06/2020;31141;1065;3475;19
Salvador;292740;BA;28/06/2020;32332;1093;1191;28
Salvador;292740;BA;29/06/2020;32599;1129;267;36
Salvador;292740;BA;30/06/2020;33505;1163;906;34
Salvador;292740;BA;01/07/2020;34613;1189;1108;26
Salvador;292740;BA;02/07/2020;35837;1209;1224;20
Salvador;292740;BA;03/07/2020;36813;1234;976;25
Salvador;292740;BA;04/07/2020;38030;1256;1217;22
Salvador;292740;BA;05/07/2020;38467;1277;437;21
Salvador;292740;BA;06/07/2020;38695;1311;228;34
Salvador;292740;BA;07/07/2020;39865;1339;1170;28
Salvador;292740;BA;08/07/2020;40877;1366;1012;27
Salvador;292740;BA;09/07/2020;41471;1378;594;12
Salvador;292740;BA;10/07/2020;42078;1391;607;13
Salvador;292740;BA;11/07/2020;42688;1415;610;24
Salvador;292740;BA;12/07/2020;43034;1424;346;9
Salvador;292740;BA;13/07/2020;43210;1441;176;17
Salvador;292740;BA;14/07/2020;43934;1459;724;18
Salvador;292740;BA;15/07/2020;44548;1483;614;24
Salvador;292740;BA;16/07/2020;45411;1514;863;31
Salvador;292740;BA;17/07/2020;45944;1521;533;7
Salvador;292740;BA;18/07/2020;46315;1528;371;7
Salvador;292740;BA;19/07/2020;46549;1539;234;11
Salvador;292740;BA;20/07/2020;46684;1545;135;6
Salvador;292740;BA;21/07/2020;47373;1559;689;14
Salvador;292740;BA;22/07/2020;48750;1583;1377;24
Salvador;292740;BA;23/07/2020;50156;1605;1406;22
Salvador;292740;BA;24/07/2020;51121;1630;965;25
Salvador;292740;BA;25/07/2020;51989;1636;868;6
Salvador;292740;BA;26/07/2020;52236;1641;247;5
Salvador;292740;BA;27/07/2020;52399;1649;163;8
Salvador;292740;BA;28/07/2020;53500;1655;1101;6
Salvador;292740;BA;29/07/2020;54458;1669;958;14
Salvador;292740;BA;30/07/2020;55478;1714;1020;45
Salvador;292740;BA;31/07/2020;56721;1755;1243;41
Salvador;292740;BA;01/08/2020;57230;1782;509;27
Salvador;292740;BA;02/08/2020;57444;1807;214;25
Salvador;292740;BA;03/08/2020;57582;1833;138;26
Salvador;292740;BA;04/08/2020;58384;1860;802;27
Salvador;292740;BA;05/08/2020;59515;1891;1131;31
Salvador;292740;BA;06/08/2020;60558;1928;1043;37
Salvador;292740;BA;07/08/2020;61547;1949;989;21
Salvador;292740;BA;08/08/2020;62201;1962;654;13
Salvador;292740;BA;09/08/2020;62464;1984;263;22
Salvador;292740;BA;10/08/2020;62569;2003;105;19
Salvador;292740;BA;11/08/2020;63757;2014;1188;11
Salvador;292740;BA;12/08/2020;64785;2021;1028;7
Salvador;292740;BA;13/08/2020;64785;2021;0;0
Salvador;292740;BA;14/08/2020;66904;2093;2119;72
Rio de Janeiro;330455;RJ;06/03/2020;1;0;1;0
Rio de Janeiro;330455;RJ;07/03/2020;1;0;0;0
Rio de Janeiro;330455;RJ;08/03/2020;2;0;1;0
Rio de Janeiro;330455;RJ;09/03/2020;2;0;0;0
Rio de Janeiro;330455;RJ;10/03/2020;2;0;0;0
Rio de Janeiro;330455;RJ;11/03/2020;2;0;0;0
Rio de Janeiro;330455;RJ;12/03/2020;13;0;11;0
Rio de Janeiro;330455;RJ;13/03/2020;13;0;0;0
Rio de Janeiro;330455;RJ;14/03/2020;13;0;0;0
Rio de Janeiro;330455;RJ;15/03/2020;22;0;9;0
Rio de Janeiro;330455;RJ;16/03/2020;23;0;1;0
Rio de Janeiro;330455;RJ;17/03/2020;23;0;0;0
Rio de Janeiro;330455;RJ;18/03/2020;55;0;32;0
Rio de Janeiro;330455;RJ;19/03/2020;56;0;1;0
Rio de Janeiro;330455;RJ;20/03/2020;56;0;0;0
Rio de Janeiro;330455;RJ;21/03/2020;99;0;43;0
Rio de Janeiro;330455;RJ;22/03/2020;168;0;69;0
Rio de Janeiro;330455;RJ;23/03/2020;212;1;44;1
Rio de Janeiro;330455;RJ;24/03/2020;276;3;64;2
Rio de Janeiro;330455;RJ;25/03/2020;331;5;55;2
Rio de Janeiro;330455;RJ;26/03/2020;368;6;37;1
Rio de Janeiro;330455;RJ;27/03/2020;431;6;63;0
Rio de Janeiro;330455;RJ;28/03/2020;489;9;58;3
Rio de Janeiro;330455;RJ;29/03/2020;516;13;27;4
Rio de Janeiro;330455;RJ;30/03/2020;553;13;37;0
Rio de Janeiro;330455;RJ;31/03/2020;586;18;33;5
Rio de Janeiro;330455;RJ;01/04/2020;697;20;111;2
Rio de Janeiro;330455;RJ;02/04/2020;798;31;101;11
Rio de Janeiro;330455;RJ;03/04/2020;867;36;69;5
Rio de Janeiro;330455;RJ;04/04/2020;982;38;115;2
Rio de Janeiro;330455;RJ;05/04/2020;1068;42;86;4
Rio de Janeiro;330455;RJ;06/04/2020;1110;47;42;5
Rio de Janeiro;330455;RJ;07/04/2020;1251;59;141;12
Rio de Janeiro;330455;RJ;08/04/2020;1449;73;198;14
Rio de Janeiro;330455;RJ;09/04/2020;1633;82;184;9
Rio de Janeiro;330455;RJ;10/04/2020;1808;92;175;10
Rio de Janeiro;330455;RJ;11/04/2020;1905;98;97;6
Rio de Janeiro;330455;RJ;12/04/2020;1996;106;91;8
Rio de Janeiro;330455;RJ;13/04/2020;2322;115;326;9
Rio de Janeiro;330455;RJ;14/04/2020;2393;140;71;25
Rio de Janeiro;330455;RJ;15/04/2020;2519;167;126;27
Rio de Janeiro;330455;RJ;16/04/2020;2659;195;140;28
Rio de Janeiro;330455;RJ;17/04/2020;2946;219;287;24
Rio de Janeiro;330455;RJ;18/04/2020;3059;237;113;18
Rio de Janeiro;330455;RJ;19/04/2020;3126;245;67;8
Rio de Janeiro;330455;RJ;20/04/2020;3243;257;117;12
Rio de Janeiro;330455;RJ;21/04/2020;3587;283;344;26
Rio de Janeiro;330455;RJ;22/04/2020;3656;303;69;20
Rio de Janeiro;330455;RJ;23/04/2020;4027;322;371;19
Rio de Janeiro;330455;RJ;24/04/2020;4091;347;64;25
Rio de Janeiro;330455;RJ;25/04/2020;4481;367;390;20
Rio de Janeiro;330455;RJ;26/04/2020;4498;382;17;15
Rio de Janeiro;330455;RJ;27/04/2020;5261;405;763;23
Rio de Janeiro;330455;RJ;28/04/2020;5554;456;293;51
Rio de Janeiro;330455;RJ;29/04/2020;5689;496;135;40
Rio de Janeiro;330455;RJ;30/04/2020;5903;535;214;39
Rio de Janeiro;330455;RJ;01/05/2020;6189;574;286;39
Rio de Janeiro;330455;RJ;02/05/2020;6448;603;259;29
Rio de Janeiro;330455;RJ;03/05/2020;6750;631;302;28
Rio de Janeiro;330455;RJ;04/05/2020;7283;670;533;39
Rio de Janeiro;330455;RJ;05/05/2020;7832;713;549;43
Rio de Janeiro;330455;RJ;06/05/2020;8577;764;745;51
Rio de Janeiro;330455;RJ;07/05/2020;9051;919;474;155
Rio de Janeiro;330455;RJ;08/05/2020;9672;1002;621;83
Rio de Janeiro;330455;RJ;09/05/2020;10479;1092;807;90
Rio de Janeiro;330455;RJ;10/05/2020;10520;1126;41;34
Rio de Janeiro;330455;RJ;11/05/2020;10619;1172;99;46
Rio de Janeiro;330455;RJ;12/05/2020;10816;1279;197;107
Rio de Janeiro;330455;RJ;13/05/2020;11026;1363;210;84
Rio de Janeiro;330455;RJ;14/05/2020;11264;1509;238;146
Rio de Janeiro;330455;RJ;15/05/2020;11715;1631;451;122
Rio de Janeiro;330455;RJ;16/05/2020;12295;1751;580;120
Rio de Janeiro;330455;RJ;17/05/2020;12921;1841;626;90
Rio de Janeiro;330455;RJ;18/05/2020;13443;1960;522;119
Rio de Janeiro;330455;RJ;19/05/2020;14531;2135;1088;175
Rio de Janeiro;330455;RJ;20/05/2020;17066;2249;2535;114
Rio de Janeiro;330455;RJ;21/05/2020;18743;2376;1677;127
Rio de Janeiro;330455;RJ;22/05/2020;20161;2520;1418;144
Rio de Janeiro;330455;RJ;23/05/2020;21043;2702;882;182
Rio de Janeiro;330455;RJ;24/05/2020;21775;2755;732;53
Rio de Janeiro;330455;RJ;25/05/2020;22466;2831;691;76
Rio de Janeiro;330455;RJ;26/05/2020;23290;2978;824;147
Rio de Janeiro;330455;RJ;27/05/2020;24750;3135;1460;157
Rio de Janeiro;330455;RJ;28/05/2020;25974;3293;1224;158
Rio de Janeiro;330455;RJ;29/05/2020;27311;3430;1337;137
Rio de Janeiro;330455;RJ;30/05/2020;28481;3525;1170;95
Rio de Janeiro;330455;RJ;31/05/2020;29157;3578;676;53
Rio de Janeiro;330455;RJ;01/06/2020;30014;3671;857;93
Rio de Janeiro;330455;RJ;02/06/2020;31204;3828;1190;157
Rio de Janeiro;330455;RJ;03/06/2020;32951;4055;1747;227
Rio de Janeiro;330455;RJ;04/06/2020;33695;4231;744;176
Rio de Janeiro;330455;RJ;05/06/2020;35043;4309;1348;78
Rio de Janeiro;330455;RJ;06/06/2020;35703;4401;660;92
Rio de Janeiro;330455;RJ;07/06/2020;36115;4462;412;61
Rio de Janeiro;330455;RJ;08/06/2020;36893;4516;778;54
Rio de Janeiro;330455;RJ;09/06/2020;37903;4599;1010;83
Rio de Janeiro;330455;RJ;10/06/2020;38960;4716;1057;117
Rio de Janeiro;330455;RJ;11/06/2020;40017;4850;1057;134
Rio de Janeiro;330455;RJ;12/06/2020;40504;4877;487;27
Rio de Janeiro;330455;RJ;13/06/2020;41411;4993;907;116
Rio de Janeiro;330455;RJ;14/06/2020;41768;5043;357;50
Rio de Janeiro;330455;RJ;15/06/2020;42385;5090;617;47
Rio de Janeiro;330455;RJ;16/06/2020;43874;5239;1489;149
Rio de Janeiro;330455;RJ;17/06/2020;45978;5343;2104;104
Rio de Janeiro;330455;RJ;18/06/2020;46255;5508;277;165
Rio de Janeiro;330455;RJ;19/06/2020;48753;5632;2498;124
Rio de Janeiro;330455;RJ;20/06/2020;50129;5791;1376;159
Rio de Janeiro;330455;RJ;21/06/2020;50430;5832;301;41
Rio de Janeiro;330455;RJ;22/06/2020;50922;5875;492;43
Rio de Janeiro;330455;RJ;23/06/2020;52325;6000;1403;125
Rio de Janeiro;330455;RJ;24/06/2020;53307;6087;982;87
Rio de Janeiro;330455;RJ;25/06/2020;54169;6161;862;74
Rio de Janeiro;330455;RJ;26/06/2020;55152;6264;983;103
Rio de Janeiro;330455;RJ;27/06/2020;55286;6366;134;102
Rio de Janeiro;330455;RJ;28/06/2020;56060;6393;774;27
Rio de Janeiro;330455;RJ;29/06/2020;56351;6417;291;24
Rio de Janeiro;330455;RJ;30/06/2020;56936;6550;585;133
Rio de Janeiro;330455;RJ;01/07/2020;57879;6618;943;68
Rio de Janeiro;330455;RJ;02/07/2020;58615;6689;736;71
Rio de Janeiro;330455;RJ;03/07/2020;59448;6791;833;102
Rio de Janeiro;330455;RJ;04/07/2020;60033;6869;585;78
Rio de Janeiro;330455;RJ;05/07/2020;60233;6898;200;29
Rio de Janeiro;330455;RJ;06/07/2020;60596;6924;363;26
Rio de Janeiro;330455;RJ;07/07/2020;61658;7055;1062;131
Rio de Janeiro;330455;RJ;08/07/2020;62463;7101;805;46
Rio de Janeiro;330455;RJ;09/07/2020;63396;7178;933;77
Rio de Janeiro;330455;RJ;10/07/2020;64027;7254;631;76
Rio de Janeiro;330455;RJ;11/07/2020;64102;7302;75;48
Rio de Janeiro;330455;RJ;12/07/2020;64110;7310;8;8
Rio de Janeiro;330455;RJ;13/07/2020;64635;7355;525;45
Rio de Janeiro;330455;RJ;14/07/2020;65121;7432;486;77
Rio de Janeiro;330455;RJ;15/07/2020;65489;7500;368;68
Rio de Janeiro;330455;RJ;16/07/2020;65571;7550;82;50
Rio de Janeiro;330455;RJ;17/07/2020;65696;7621;125;71
Rio de Janeiro;330455;RJ;18/07/2020;65696;7621;0;0
Rio de Janeiro;330455;RJ;19/07/2020;66909;7703;1213;82
Rio de Janeiro;330455;RJ;20/07/2020;67036;7733;127;30
Rio de Janeiro;330455;RJ;21/07/2020;67121;7796;85;63
Rio de Janeiro;330455;RJ;22/07/2020;68334;7887;1213;91
Rio de Janeiro;330455;RJ;23/07/2020;68510;7913;176;26
Rio de Janeiro;330455;RJ;24/07/2020;69456;7941;946;28
Rio de Janeiro;330455;RJ;25/07/2020;69546;8004;90;63
Rio de Janeiro;330455;RJ;26/07/2020;69570;8023;24;19
Rio de Janeiro;330455;RJ;27/07/2020;70370;8053;800;30
Rio de Janeiro;330455;RJ;28/07/2020;70440;8124;70;71
Rio de Janeiro;330455;RJ;29/07/2020;70692;8220;252;96
Rio de Janeiro;330455;RJ;30/07/2020;70989;8270;297;50
Rio de Janeiro;330455;RJ;31/07/2020;71322;8310;333;40
Rio de Janeiro;330455;RJ;01/08/2020;71792;8344;470;34
Rio de Janeiro;330455;RJ;02/08/2020;71802;8358;10;14
Rio de Janeiro;330455;RJ;03/08/2020;72079;8371;277;13
Rio de Janeiro;330455;RJ;04/08/2020;72722;8419;643;48
Rio de Janeiro;330455;RJ;05/08/2020;73396;8499;674;80
Rio de Janeiro;330455;RJ;06/08/2020;73517;8540;121;41
Rio de Janeiro;330455;RJ;07/08/2020;73855;8596;338;56
Rio de Janeiro;330455;RJ;08/08/2020;74403;8606;548;10
Rio de Janeiro;330455;RJ;09/08/2020;74421;8612;18;6
Rio de Janeiro;330455;RJ;10/08/2020;74674;8622;253;10
Rio de Janeiro;330455;RJ;11/08/2020;76102;8665;1428;43
Rio de Janeiro;330455;RJ;12/08/2020;77627;8710;1525;45
Rio de Janeiro;330455;RJ;13/08/2020;78500;8766;873;56
Rio de Janeiro;330455;RJ;14/08/2020;79865;8799;1365;33
São Paulo;355030;SP;25/02/2020;1;0;1;0
São Paulo;355030;SP;26/02/2020;1;0;0;0
São Paulo;355030;SP;27/02/2020;1;0;0;0
São Paulo;355030;SP;28/02/2020;2;0;1;0
São Paulo;355030;SP;29/02/2020;2;0;0;0
São Paulo;355030;SP;01/03/2020;2;0;0;0
São Paulo;355030;SP;02/03/2020;2;0;0;0
São Paulo;355030;SP;03/03/2020;2;0;0;0
São Paulo;355030;SP;04/03/2020;3;0;1;0
São Paulo;355030;SP;05/03/2020;6;0;3;0
São Paulo;355030;SP;06/03/2020;6;0;0;0
São Paulo;355030;SP;07/03/2020;12;0;6;0
São Paulo;355030;SP;08/03/2020;15;0;3;0
São Paulo;355030;SP;09/03/2020;15;0;0;0
São Paulo;355030;SP;10/03/2020;18;0;3;0
São Paulo;355030;SP;11/03/2020;29;0;11;0
São Paulo;355030;SP;12/03/2020;44;0;15;0
São Paulo;355030;SP;13/03/2020;44;0;0;0
São Paulo;355030;SP;14/03/2020;62;0;18;0
São Paulo;355030;SP;15/03/2020;62;0;0;0
São Paulo;355030;SP;16/03/2020;145;0;83;0
São Paulo;355030;SP;17/03/2020;156;1;11;1
São Paulo;355030;SP;18/03/2020;214;3;58;2
São Paulo;355030;SP;19/03/2020;259;5;45;2
São Paulo;355030;SP;20/03/2020;306;9;47;4
São Paulo;355030;SP;21/03/2020;306;9;0;0
São Paulo;355030;SP;22/03/2020;306;9;0;0
São Paulo;355030;SP;23/03/2020;306;9;0;0
São Paulo;355030;SP;24/03/2020;306;9;0;0
São Paulo;355030;SP;25/03/2020;722;44;416;35
São Paulo;355030;SP;26/03/2020;899;53;177;9
São Paulo;355030;SP;27/03/2020;1044;62;145;9
São Paulo;355030;SP;28/03/2020;1044;62;0;0
São Paulo;355030;SP;29/03/2020;1044;62;0;0
São Paulo;355030;SP;30/03/2020;1233;103;189;41
São Paulo;355030;SP;31/03/2020;1885;121;652;18
São Paulo;355030;SP;01/04/2020;2418;144;533;23
São Paulo;355030;SP;02/04/2020;2815;164;397;20
São Paulo;355030;SP;03/04/2020;3202;186;387;22
São Paulo;355030;SP;04/04/2020;3496;212;294;26
São Paulo;355030;SP;05/04/2020;3612;220;116;8
São Paulo;355030;SP;06/04/2020;3754;244;142;24
São Paulo;355030;SP;07/04/2020;4258;296;504;52
São Paulo;355030;SP;08/04/2020;4947;339;689;43
São Paulo;355030;SP;09/04/2020;5477;384;530;45
São Paulo;355030;SP;10/04/2020;5982;409;505;25
São Paulo;355030;SP;11/04/2020;6131;422;149;13
São Paulo;355030;SP;12/04/2020;6352;445;221;23
São Paulo;355030;SP;13/04/2020;6418;456;66;11
São Paulo;355030;SP;14/04/2020;6705;512;287;56
São Paulo;355030;SP;15/04/2020;7764;558;1059;46
São Paulo;355030;SP;16/04/2020;7908;603;144;45
São Paulo;355030;SP;17/04/2020;8744;643;836;40
São Paulo;355030;SP;18/04/2020;9428;686;684;43
São Paulo;355030;SP;19/04/2020;9668;700;240;14
São Paulo;355030;SP;20/04/2020;9815;715;147;15
São Paulo;355030;SP;21/04/2020;10342;753;527;38
São Paulo;355030;SP;22/04/2020;10691;778;349;25
São Paulo;355030;SP;23/04/2020;11225;912;534;134
São Paulo;355030;SP;24/04/2020;11800;1010;575;98
São Paulo;355030;SP;25/04/2020;13098;1099;1298;89
São Paulo;355030;SP;26/04/2020;13513;1114;415;15
São Paulo;355030;SP;27/04/2020;13989;1172;476;58
São Paulo;355030;SP;28/04/2020;15397;1321;1408;149
São Paulo;355030;SP;29/04/2020;16638;1439;1241;118
São Paulo;355030;SP;30/04/2020;18149;1522;1511;83
São Paulo;355030;SP;01/05/2020;19087;1607;938;85
São Paulo;355030;SP;02/05/2020;19494;1661;407;54
São Paulo;355030;SP;03/05/2020;19822;1673;328;12
São Paulo;355030;SP;04/05/2020;20073;1683;251;10
São Paulo;355030;SP;05/05/2020;21140;1801;1067;118
São Paulo;355030;SP;06/05/2020;23187;1910;2047;109
São Paulo;355030;SP;07/05/2020;24273;1986;1086;76
São Paulo;355030;SP;08/05/2020;25367;2110;1094;124
São Paulo;355030;SP;09/05/2020;26787;2223;1420;113
São Paulo;355030;SP;10/05/2020;27307;2266;520;43
São Paulo;355030;SP;11/05/2020;27771;2281;464;15
São Paulo;355030;SP;12/05/2020;28682;2405;911;124
São Paulo;355030;SP;13/05/2020;30402;2494;1720;89
São Paulo;355030;SP;14/05/2020;31873;2596;1471;102
São Paulo;355030;SP;15/05/2020;33992;2674;2119;78
São Paulo;355030;SP;16/05/2020;35429;2792;1437;118
São Paulo;355030;SP;17/05/2020;35931;2835;502;43
São Paulo;355030;SP;18/05/2020;36188;2856;257;21
São Paulo;355030;SP;19/05/2020;37640;3029;1452;173
São Paulo;355030;SP;20/05/2020;39466;3135;1826;106
São Paulo;355030;SP;21/05/2020;41451;3238;1985;103
São Paulo;355030;SP;22/05/2020;42973;3352;1522;114
São Paulo;355030;SP;23/05/2020;44887;3491;1914;139
São Paulo;355030;SP;24/05/2020;45527;3534;640;43
São Paulo;355030;SP;25/05/2020;46204;3555;677;21
São Paulo;355030;SP;26/05/2020;47554;3691;1350;136
São Paulo;355030;SP;27/05/2020;49264;3826;1710;135
São Paulo;355030;SP;28/05/2020;52719;3958;3455;132
São Paulo;355030;SP;29/05/2020;55741;4116;3022;158
São Paulo;355030;SP;30/05/2020;58619;4239;2878;123
São Paulo;355030;SP;31/05/2020;60131;4280;1512;41
São Paulo;355030;SP;01/06/2020;61126;4304;995;24
São Paulo;355030;SP;02/06/2020;64443;4443;3317;139
São Paulo;355030;SP;03/06/2020;66777;4564;2334;121
São Paulo;355030;SP;04/06/2020;69347;4675;2570;111
São Paulo;355030;SP;05/06/2020;71453;4805;2106;130
São Paulo;355030;SP;06/06/2020;73861;4901;2408;96
São Paulo;355030;SP;07/06/2020;74796;4920;935;19
São Paulo;355030;SP;08/06/2020;75699;4937;903;17
São Paulo;355030;SP;09/06/2020;78026;5073;2327;136
São Paulo;355030;SP;10/06/2020;80457;5232;2431;159
São Paulo;355030;SP;11/06/2020;83076;5357;2619;125
São Paulo;355030;SP;12/06/2020;85622;5480;2546;123
São Paulo;355030;SP;13/06/2020;88025;5599;2403;119
São Paulo;355030;SP;14/06/2020;91198;5623;3173;24
São Paulo;355030;SP;15/06/2020;93448;5652;2250;29
São Paulo;355030;SP;16/06/2020;97676;5819;4228;167
São Paulo;355030;SP;17/06/2020;98132;5959;456;140
São Paulo;355030;SP;18/06/2020;98530;6097;398;138
São Paulo;355030;SP;19/06/2020;105407;6255;6877;158
São Paulo;355030;SP;20/06/2020;105591;6371;184;116
São Paulo;355030;SP;21/06/2020;106540;6387;949;16
São Paulo;355030;SP;22/06/2020;107731;6404;1191;17
São Paulo;355030;SP;23/06/2020;110214;6583;2483;179
São Paulo;355030;SP;24/06/2020;113261;6675;3047;92
São Paulo;355030;SP;25/06/2020;117311;6794;4050;119
São Paulo;355030;SP;26/06/2020;121163;6880;3852;86
São Paulo;355030;SP;27/06/2020;122759;6982;1596;102
São Paulo;355030;SP;28/06/2020;124105;7003;1346;21
São Paulo;355030;SP;29/06/2020;125012;7026;907;23
São Paulo;355030;SP;30/06/2020;127119;7162;2107;136
São Paulo;355030;SP;01/07/2020;129328;7258;2209;96
São Paulo;355030;SP;02/07/2020;134984;7370;5656;112
São Paulo;355030;SP;03/07/2020;137074;7479;2090;109
São Paulo;355030;SP;04/07/2020;137762;7597;688;118
São Paulo;355030;SP;05/07/2020;139871;7621;2109;24
São Paulo;355030;SP;06/07/2020;140231;7634;360;13
São Paulo;355030;SP;07/07/2020;142502;7743;2271;109
São Paulo;355030;SP;08/07/2020;144573;7864;2071;121
São Paulo;355030;SP;09/07/2020;146739;7964;2166;100
São Paulo;355030;SP;10/07/2020;149431;8089;2692;125
São Paulo;355030;SP;11/07/2020;151365;8176;1934;87
São Paulo;355030;SP;12/07/2020;152806;8212;1441;36
São Paulo;355030;SP;13/07/2020;154013;8231;1207;19
São Paulo;355030;SP;14/07/2020;158802;8336;4789;105
São Paulo;355030;SP;15/07/2020;160326;8451;1524;115
São Paulo;355030;SP;16/07/2020;162242;8585;1916;134
São Paulo;355030;SP;17/07/2020;163624;8696;1382;111
São Paulo;355030;SP;18/07/2020;165094;8770;1470;74
São Paulo;355030;SP;19/07/2020;166073;8778;979;8
São Paulo;355030;SP;20/07/2020;166348;8799;275;21
São Paulo;355030;SP;21/07/2020;167801;8920;1453;121
São Paulo;355030;SP;22/07/2020;171119;9025;3318;105
São Paulo;355030;SP;23/07/2020;173710;9098;2591;73
São Paulo;355030;SP;24/07/2020;176190;9156;2480;58
São Paulo;355030;SP;25/07/2020;179115;9205;2925;49
São Paulo;355030;SP;26/07/2020;179777;9222;662;17
São Paulo;355030;SP;27/07/2020;182027;9241;2250;19
São Paulo;355030;SP;28/07/2020;185708;9318;3681;77
São Paulo;355030;SP;29/07/2020;188827;9396;3119;78
São Paulo;355030;SP;30/07/2020;193684;9470;4857;74
São Paulo;355030;SP;31/07/2020;197560;9549;3876;79
São Paulo;355030;SP;01/08/2020;199674;9619;2114;70
São Paulo;355030;SP;02/08/2020;200444;9634;770;15
São Paulo;355030;SP;03/08/2020;200705;9644;261;10
São Paulo;355030;SP;04/08/2020;203279;9702;2574;58
São Paulo;355030;SP;05/08/2020;206102;9806;2823;104
São Paulo;355030;SP;06/08/2020;209559;9909;3457;103
São Paulo;355030;SP;07/08/2020;211469;10012;1910;103
São Paulo;355030;SP;08/08/2020;213507;10085;2038;73
São Paulo;355030;SP;09/08/2020;214094;10099;587;14
São Paulo;355030;SP;10/08/2020;214329;10107;235;8
São Paulo;355030;SP;11/08/2020;217244;10221;2915;114
São Paulo;355030;SP;12/08/2020;224140;10311;6896;90
São Paulo;355030;SP;13/08/2020;231203;10453;7063;142
São Paulo;355030;SP;14/08/2020;233987;10563;2784;110
Brasilia;530010;DF;07/03/2020;1;0;1;0
Brasilia;530010;DF;08/03/2020;1;0;0;0
Brasilia;530010;DF;09/03/2020;1;0;0;0
Brasilia;530010;DF;10/03/2020;1;0;0;0
Brasilia;530010;DF;11/03/2020;2;0;1;0
Brasilia;530010;DF;12/03/2020;2;0;0;0
Brasilia;530010;DF;13/03/2020;2;0;0;0
Brasilia;530010;DF;14/03/2020;8;0;6;0
Brasilia;530010;DF;15/03/2020;14;0;6;0
Brasilia;530010;DF;16/03/2020;19;0;5;0
Brasilia;530010;DF;17/03/2020;19;0;0;0
Brasilia;530010;DF;18/03/2020;34;0;15;0
Brasilia;530010;DF;19/03/2020;42;0;8;0
Brasilia;530010;DF;20/03/2020;87;0;45;0
Brasilia;530010;DF;21/03/2020;108;0;21;0
Brasilia;530010;DF;22/03/2020;117;0;9;0
Brasilia;530010;DF;23/03/2020;138;0;21;0
Brasilia;530010;DF;24/03/2020;161;0;23;0
Brasilia;530010;DF;25/03/2020;195;0;34;0
Brasilia;530010;DF;26/03/2020;171;0;-24;0
Brasilia;530010;DF;27/03/2020;211;0;40;0
Brasilia;530010;DF;28/03/2020;225;0;14;0
Brasilia;530010;DF;29/03/2020;270;1;45;1
Brasilia;530010;DF;30/03/2020;285;2;15;1
Brasilia;530010;DF;31/03/2020;305;3;20;1
Brasilia;530010;DF;01/04/2020;329;4;24;1
Brasilia;530010;DF;02/04/2020;373;5;44;1
Brasilia;530010;DF;03/04/2020;382;6;9;1
Brasilia;530010;DF;04/04/2020;418;7;36;1
Brasilia;530010;DF;05/04/2020;428;7;10;0
Brasilia;530010;DF;06/04/2020;442;10;14;3
Brasilia;530010;DF;07/04/2020;466;12;24;2
Brasilia;530010;DF;08/04/2020;472;12;6;0
Brasilia;530010;DF;09/04/2020;486;13;14;1
Brasilia;530010;DF;10/04/2020;518;14;32;1
Brasilia;530010;DF;11/04/2020;545;14;27;0
Brasilia;530010;DF;12/04/2020;576;14;31;0
Brasilia;530010;DF;13/04/2020;598;15;22;1
Brasilia;530010;DF;14/04/2020;610;17;12;2
Brasilia;530010;DF;15/04/2020;642;17;32;0
Brasilia;530010;DF;16/04/2020;674;20;32;3
Brasilia;530010;DF;17/04/2020;702;24;28;4
Brasilia;530010;DF;18/04/2020;740;24;38;0
Brasilia;530010;DF;19/04/2020;783;24;43;0
Brasilia;530010;DF;20/04/2020;817;24;34;0
Brasilia;530010;DF;21/04/2020;854;24;37;0
Brasilia;530010;DF;22/04/2020;898;25;44;1
Brasilia;530010;DF;23/04/2020;906;26;8;1
Brasilia;530010;DF;24/04/2020;944;26;38;0
Brasilia;530010;DF;25/04/2020;956;27;12;1
Brasilia;530010;DF;26/04/2020;1051;27;95;0
Brasilia;530010;DF;27/04/2020;1119;28;68;1
Brasilia;530010;DF;28/04/2020;1158;28;39;0
Brasilia;530010;DF;29/04/2020;1237;28;79;0
Brasilia;530010;DF;30/04/2020;1342;30;105;2
Brasilia;530010;DF;01/05/2020;1458;31;116;1
Brasilia;530010;DF;02/05/2020;1521;32;63;1
Brasilia;530010;DF;03/05/2020;1616;33;95;1
Brasilia;530010;DF;04/05/2020;1670;33;54;0
Brasilia;530010;DF;05/05/2020;1707;34;37;1
Brasilia;530010;DF;06/05/2020;1893;35;186;1
Brasilia;530010;DF;07/05/2020;2078;35;185;0
Brasilia;530010;DF;08/05/2020;2217;36;139;1
Brasilia;530010;DF;09/05/2020;2350;38;133;2
Brasilia;530010;DF;10/05/2020;2464;41;114;3
Brasilia;530010;DF;11/05/2020;2571;43;107;2
Brasilia;530010;DF;12/05/2020;2733;45;162;2
Brasilia;530010;DF;13/05/2020;2900;47;167;2
Brasilia;530010;DF;14/05/2020;3073;50;173;3
Brasilia;530010;DF;15/05/2020;3392;54;319;4
Brasilia;530010;DF;16/05/2020;3701;55;309;1
Brasilia;530010;DF;17/05/2020;3919;57;218;2
Brasilia;530010;DF;18/05/2020;4123;62;204;5
Brasilia;530010;DF;19/05/2020;4339;68;216;6
Brasilia;530010;DF;20/05/2020;4723;73;384;5
Brasilia;530010;DF;21/05/2020;4957;79;234;6
Brasilia;530010;DF;22/05/2020;5337;84;380;5
Brasilia;530010;DF;23/05/2020;5605;89;268;5
Brasilia;530010;DF;24/05/2020;5902;98;297;9
Brasilia;530010;DF;25/05/2020;6197;106;295;8
Brasilia;530010;DF;26/05/2020;6451;114;254;8
Brasilia;530010;DF;27/05/2020;6979;123;528;9
Brasilia;530010;DF;28/05/2020;7490;132;511;9
Brasilia;530010;DF;29/05/2020;7877;142;387;10
Brasilia;530010;DF;30/05/2020;8538;149;661;7
Brasilia;530010;DF;31/05/2020;8807;157;269;8
Brasilia;530010;DF;01/06/2020;9486;160;679;3
Brasilia;530010;DF;02/06/2020;10174;163;688;3
Brasilia;530010;DF;03/06/2020;10881;176;707;13
Brasilia;530010;DF;04/06/2020;11698;181;817;5
Brasilia;530010;DF;05/06/2020;12864;186;1166;5
Brasilia;530010;DF;06/06/2020;14330;192;1466;6
Brasilia;530010;DF;07/06/2020;15015;196;685;4
Brasilia;530010;DF;08/06/2020;15306;205;291;9
Brasilia;530010;DF;09/06/2020;16344;214;1038;9
Brasilia;530010;DF;10/06/2020;17543;232;1199;18
Brasilia;530010;DF;11/06/2020;18464;250;921;18
Brasilia;530010;DF;12/06/2020;19257;256;793;6
Brasilia;530010;DF;13/06/2020;19762;265;505;9
Brasilia;530010;DF;14/06/2020;20586;276;824;11
Brasilia;530010;DF;15/06/2020;21283;288;697;12
Brasilia;530010;DF;16/06/2020;22460;316;1177;28
Brasilia;530010;DF;17/06/2020;24084;331;1624;15
Brasilia;530010;DF;18/06/2020;25274;345;1190;14
Brasilia;530010;DF;19/06/2020;27453;362;2179;17
Brasilia;530010;DF;20/06/2020;28722;370;1269;8
Brasilia;530010;DF;21/06/2020;29598;386;876;16
Brasilia;530010;DF;22/06/2020;30427;410;829;24
Brasilia;530010;DF;23/06/2020;31457;432;1030;22
Brasilia;530010;DF;24/06/2020;33096;449;1639;17
Brasilia;530010;DF;25/06/2020;34503;463;1407;14
Brasilia;530010;DF;26/06/2020;36464;486;1961;23
Brasilia;530010;DF;27/06/2020;37642;491;1178;5
Brasilia;530010;DF;28/06/2020;39713;502;2071;11
Brasilia;530010;DF;29/06/2020;41849;512;2136;10
Brasilia;530010;DF;30/06/2020;43800;539;1951;27
Brasilia;530010;DF;01/07/2020;45111;567;1311;28
Brasilia;530010;DF;02/07/2020;46559;578;1448;11
Brasilia;530010;DF;03/07/2020;48068;588;1509;10
Brasilia;530010;DF;04/07/2020;49609;611;1541;23
Brasilia;530010;DF;05/07/2020;51617;637;2008;26
Brasilia;530010;DF;06/07/2020;54008;663;2391;26
Brasilia;530010;DF;07/07/2020;55973;701;1965;38
Brasilia;530010;DF;08/07/2020;57387;733;1414;32
Brasilia;530010;DF;09/07/2020;58587;754;1200;21
Brasilia;530010;DF;10/07/2020;60018;785;1431;31
Brasilia;530010;DF;11/07/2020;60987;797;969;12
Brasilia;530010;DF;12/07/2020;63071;827;2084;30
Brasilia;530010;DF;13/07/2020;64450;853;1379;26
Brasilia;530010;DF;14/07/2020;65580;882;1130;29
Brasilia;530010;DF;15/07/2020;66901;918;1321;36
Brasilia;530010;DF;16/07/2020;68952;945;2051;27
Brasilia;530010;DF;17/07/2020;70414;967;1462;22
Brasilia;530010;DF;18/07/2020;71734;979;1320;12
Brasilia;530010;DF;19/07/2020;72892;989;1158;10
Brasilia;530010;DF;20/07/2020;74544;1015;1652;26
Brasilia;530010;DF;21/07/2020;76132;1056;1588;41
Brasilia;530010;DF;22/07/2020;77590;1072;1458;16
Brasilia;530010;DF;23/07/2020;79488;1113;1898;41
Brasilia;530010;DF;24/07/2020;81588;1135;2100;22
Brasilia;530010;DF;25/07/2020;83222;1164;1634;29
Brasilia;530010;DF;26/07/2020;85072;1193;1850;29
Brasilia;530010;DF;27/07/2020;86974;1220;1902;27
Brasilia;530010;DF;28/07/2020;88972;1266;1998;46
Brasilia;530010;DF;29/07/2020;90353;1289;1381;23
Brasilia;530010;DF;30/07/2020;92196;1312;1843;23
Brasilia;530010;DF;31/07/2020;93689;1333;1493;21
Brasilia;530010;DF;01/08/2020;95152;1352;1463;19
Brasilia;530010;DF;02/08/2020;97029;1385;1877;33
Brasilia;530010;DF;03/08/2020;98690;1406;1661;21
Brasilia;530010;DF;04/08/2020;100543;1432;1853;26
Brasilia;530010;DF;05/08/2020;102378;1463;1835;31
Brasilia;530010;DF;06/08/2020;104508;1506;2130;43
Brasilia;530010;DF;07/08/2020;105853;1536;1345;30
Brasilia;530010;DF;08/08/2020;107567;1561;1714;25
Brasilia;530010;DF;09/08/2020;108555;1579;988;18
Brasilia;530010;DF;10/08/2020;111254;1608;2699;29
Brasilia;530010;DF;11/08/2020;112379;1655;1125;47
Brasilia;530010;DF;12/08/2020;113913;1709;1534;54
Brasilia;530010;DF;13/08/2020;115666;1742;1753;33
Brasilia;530010;DF;14/08/2020;117374;1768;1708;26
